﻿<?xml version="1.0" encoding="utf-8" ?>
<Translate>
    <Language name="Chinese">
        <btn_CreateConnect>建立连接 </btn_CreateConnect>
        <btn_ReleaseConnect>释放连接 </btn_ReleaseConnect>
		<btn_StartPrint>开启喷印</btn_StartPrint>
		<btn_StopPrint>停止喷印</btn_StopPrint>
		<btn_AppendLocalDynText>添加本地动态文本</btn_AppendLocalDynText>
		<btn_CleanLocalDynText>清除本地动态文本</btn_CleanLocalDynText>
		<btn_GetDeviceSN>获取设备SN号</btn_GetDeviceSN>
		<btn_GetPrintStatus>获取喷印状态</btn_GetPrintStatus>
		<btn_CleanPrintHead>清除喷头</btn_CleanPrintHead>
		<btn_SendLocalDynText>发送本地动态文本</btn_SendLocalDynText>
		<btn_CleanDeviceDynText>清除设备动态文本</btn_CleanDeviceDynText>
		<btn_GetDeviceIP>获取设备IP地址</btn_GetDeviceIP>
		<btn_GetPrintCounter>获取喷印笔数</btn_GetPrintCounter>
		<lab_StartPrint_MsgName>资料名称:</lab_StartPrint_MsgName>
		<lab_AppendLocalDynText_DynTextName>动态文本名称 </lab_AppendLocalDynText_DynTextName>
		<lab_AppendLocalDynText_Data>动态文本数据</lab_AppendLocalDynText_Data>
		<lab_IP>IP地址:</lab_IP>
		<lab_StartPrint_MsgName>资料名称:</lab_StartPrint_MsgName>
		<LB_MsgExt>.MSG</LB_MsgExt>
		<LB_SN>序列号:</LB_SN>
		<LB_IP>IP地址:</LB_IP>
		<LB_Counter>计数器:</LB_Counter>
		<LB_PrintStatus>喷印状态:</LB_PrintStatus>
		<LB_DynSourceName>数据源名称:</LB_DynSourceName>
		<LB_DynText>动态数据:</LB_DynText>
		<grb_Connect>连接</grb_Connect>
		<grb_Print>喷印</grb_Print>
		<grp_Dynamic>动态数据</grp_Dynamic>
		<grp_Query>查询</grp_Query>
		<Information>
			<Result_Error>接收错误!</Result_Error>
			<Connect_OK>连接成功!</Connect_OK>
			<Release_OK>断开连接!</Release_OK>
			<StartPrint_OK>开启喷印成功!</StartPrint_OK>
			<StopPrint_OK>停止喷印成功!</StopPrint_OK>
			<AppendLocalDynText_OK>添加本地动态文本成功!</AppendLocalDynText_OK>
			<CleanLocalDynText_OK>清除本地动态文本成功!</CleanLocalDynText_OK>
			<PrintStatus_Ing>正在喷印!</PrintStatus_Ing>
			<PrintStatus_No>未在喷印中!</PrintStatus_No>
			<SendLocalDynText_OK>发送本地动态文本成功</SendLocalDynText_OK>
			<CleanPrintHead_OK>清理喷头成功</CleanPrintHead_OK>
			<CleanDeviceDynText_OK>清理设备动态文本成功</CleanDeviceDynText_OK>
			<Error_SendData>发送数据错误!</Error_SendData>
			<Error_ReceiveData>接收数据错误!</Error_ReceiveData>
			<Error_Receive>接收错误!</Error_Receive>
			<Error_TcpConnect>TCP连接错误!</Error_TcpConnect>
			<Error_HandleInvalid>无效的句柄!</Error_HandleInvalid>
			<Error_LowPower>电量过低!</Error_LowPower>
			<Error_InkDisconnect>墨水未连接!</Error_InkDisconnect>
			<Error_InkUnavailable>墨水不可用!</Error_InkUnavailable>
			<Error_SystemError>系统错误!</Error_SystemError>
			<Error_NoMsgName>请先输入资料名称!</Error_NoMsgName>
			<Error_MessageNoFind>未找到该资料!</Error_MessageNoFind>
			<Error_InPrinting>设备正在喷印!</Error_InPrinting>
			<Error_NoPrinting>设备未开启喷印!</Error_NoPrinting>
			<Error_NoConnectDevice>未连接到设备!</Error_NoConnectDevice>
			<Error_NoDynamicText>无此动态文本!</Error_NoDynamicText>
			<Error_DataNoEqual>数据不对等!</Error_DataNoEqual>
			<Error_DataOverRange>数据超出范围!</Error_DataOverRange>
			<Error_WrongData>数据错误!</Error_WrongData>
			<Error_Connect>连接失败!</Error_Connect>
			<Error_DisConnect>断开连接失败!</Error_DisConnect>
			<Error_Append_Full>动态数据缓存已满!</Error_Append_Full>
			<Error_GetSN_Fail>获取序列号失败!</Error_GetSN_Fail>
			<Lang_ENG>英文</Lang_ENG>
			<Lang_CHN>中文</Lang_CHN>
		</Information>
    </Language>　
</Translate>