<?xml version="1.0" encoding="utf-8" ?>
<Translate>
    <Language name="English">
        <btn_CreateConnect>CreateConnect</btn_CreateConnect>
        <btn_ReleaseConnect>ReleaseConnect</btn_ReleaseConnect>
		<btn_StartPrint>StartPrint</btn_StartPrint>
		<btn_StopPrint>StopPrint</btn_StopPrint>
		<btn_AppendLocalDynText>AppendlocalDynText</btn_AppendLocalDynText>
		<btn_CleanLocalDynText>CleanLocalDynText</btn_CleanLocalDynText>
		<btn_GetDeviceSN>GetDeviceSN</btn_GetDeviceSN>
		<btn_GetPrintStatus>GetPrintStatus</btn_GetPrintStatus>
		<btn_CleanPrintHead>CleanPrintHead</btn_CleanPrintHead>
		<btn_SendLocalDynText>SendLocalDynText</btn_SendLocalDynText>
		<btn_CleanDeviceDynText>CleanDeviceDynText</btn_CleanDeviceDynText>
		<btn_GetDeviceIP>GetDeviceIP</btn_GetDeviceIP>
		<btn_GetPrintCounter>GetPrintCounter</btn_GetPrintCounter>
		<lab_StartPrint_MsgName>Message Name</lab_StartPrint_MsgName>
		<lab_AppendLocalDynText_DynTextName>DynamicTextName</lab_AppendLocalDynText_DynTextName>
		<lab_AppendLocalDynText_Data>DynamicTextData</lab_AppendLocalDynText_Data>
		<lab_IP>IP</lab_IP>
		<LB_MsgExt>.MSG</LB_MsgExt>
		<LB_SN>SN:</LB_SN>
		<LB_IP>IP:</LB_IP>
		<LB_Counter>Counter:</LB_Counter>
		<LB_PrintStatus>Status:</LB_PrintStatus>
		<LB_DynSourceName>Source Name:</LB_DynSourceName>
		<LB_DynText>Dynamic Text:</LB_DynText>
		<grb_Connect>Connect</grb_Connect>
		<grb_Print>Print</grb_Print>
		<grp_Dynamic>Dynamic Data</grp_Dynamic>
		<grp_Query>Query</grp_Query>
		<Information>
			<Result_Error>Result Error!</Result_Error>
			<Connect_OK>Connect Succeed!</Connect_OK>
			<Release_OK>Release Succeed!</Release_OK>
			<StartPrint_OK>Start Print Succeed!</StartPrint_OK>
			<StopPrint_OK>Stop Print Succeed!</StopPrint_OK>
			<AppendLocalDynText_OK>Append Local Dynamic Text Succeed!</AppendLocalDynText_OK>
			<CleanLocalDynText_OK>Clean Local Dynamic Text Succeed!</CleanLocalDynText_OK>
			<PrintStatus_Ing>Printing!</PrintStatus_Ing>
			<PrintStatus_No>No Printing!</PrintStatus_No>
			<SendLocalDynText_OK>Send Local Dynamic Text Succeed!</SendLocalDynText_OK>
			<CleanPrintHead_OK>Clean Print Head Succeed!</CleanPrintHead_OK>
			<CleanDeviceDynText_OK>Clean Device Dynamic Text Succeed!</CleanDeviceDynText_OK>
			<Error_SendData>Send Data Error!</Error_SendData>
			<Error_ReceiveData>Receive Data Error!</Error_ReceiveData>
			<Error_Receive>Receive Error!</Error_Receive>
			<Error_TcpConnect>TCP Connect Error!</Error_TcpConnect>
			<Error_HandleInvalid>Handle Invalid Error!</Error_HandleInvalid>
			<Error_LowPower>Low Power!</Error_LowPower>
			<Error_InkDisconnect>Ink Disconnect!</Error_InkDisconnect>
			<Error_InkUnavailable>Ink Unavailable!</Error_InkUnavailable>
			<Error_SystemError>System Error!</Error_SystemError>
			<Error_NoMsgName>Please Input Message Name First!</Error_NoMsgName>
			<Error_MessageNoFind>Message No Find!</Error_MessageNoFind>
			<Error_InPrinting>Device Is Printing!</Error_InPrinting>
			<Error_NoPrinting>Device No Printing!</Error_NoPrinting>
			<Error_NoConnectDevice>Please Connect Device First!</Error_NoConnectDevice>
			<Error_NoDynamicText>No Dynamic Text!</Error_NoDynamicText>
			<Error_DataNoEqual>Data No Equal!</Error_DataNoEqual>
			<Error_DataOverRange>Data Over Range!</Error_DataOverRange>
			<Error_WrongData>Wrong Data!</Error_WrongData>
			<Error_Connect>Connect Error!</Error_Connect>
			<Error_DisConnect>Disconnect Error!</Error_DisConnect>
			<Error_Append_Full>Dynamic Cache Is Full!</Error_Append_Full>
			<Error_GetSN_Fail>Get SN Error!</Error_GetSN_Fail>
			<Lang_ENG>English</Lang_ENG>
			<Lang_CHN>Chinese</Lang_CHN>
		</Information>
    </Language>
</Translate>